[{"model": "admin.logentry", "pk": 1, "fields": {"action_time": "2021-01-24T23:25:39.026", "user": 2, "content_type": 7, "object_id": "1", "object_repr": "Trending Now", "action_flag": 1, "change_message": "[{\"added\": {}}]"}}, {"model": "admin.logentry", "pk": 2, "fields": {"action_time": "2021-01-26T13:47:23.195", "user": 2, "content_type": 8, "object_id": "1", "object_repr": "Cheat On Me, If You Can", "action_flag": 1, "change_message": "[{\"added\": {}}]"}}, {"model": "admin.logentry", "pk": 3, "fields": {"action_time": "2021-01-26T13:47:49.286", "user": 2, "content_type": 8, "object_id": "2", "object_repr": "Delayed Justice", "action_flag": 1, "change_message": "[{\"added\": {}}]"}}, {"model": "admin.logentry", "pk": 4, "fields": {"action_time": "2021-01-26T14:15:42.477", "user": 2, "content_type": 8, "object_id": "3", "object_repr": "Homemade Love Story", "action_flag": 1, "change_message": "[{\"added\": {}}]"}}, {"model": "admin.logentry", "pk": 5, "fields": {"action_time": "2021-01-26T14:17:18.699", "user": 2, "content_type": 8, "object_id": "4", "object_repr": "Phoenix 2020", "action_flag": 1, "change_message": "[{\"added\": {}}]"}}, {"model": "admin.logentry", "pk": 6, "fields": {"action_time": "2021-01-26T14:18:16.925", "user": 2, "content_type": 8, "object_id": "5", "object_repr": "Please Dont Date Him", "action_flag": 1, "change_message": "[{\"added\": {}}]"}}, {"model": "admin.logentry", "pk": 7, "fields": {"action_time": "2021-01-27T11:05:32.396", "user": 2, "content_type": 8, "object_id": "6", "object_repr": "The Game", "action_flag": 1, "change_message": "[{\"added\": {}}]"}}, {"model": "admin.logentry", "pk": 8, "fields": {"action_time": "2021-01-27T11:05:47.926", "user": 2, "content_type": 8, "object_id": "7", "object_repr": "The Penthouse", "action_flag": 1, "change_message": "[{\"added\": {}}]"}}, {"model": "admin.logentry", "pk": 9, "fields": {"action_time": "2021-01-27T11:06:00.092", "user": 2, "content_type": 8, "object_id": "8", "object_repr": "XX", "action_flag": 1, "change_message": "[{\"added\": {}}]"}}, {"model": "admin.logentry", "pk": 10, "fields": {"action_time": "2021-01-27T11:20:59.694", "user": 2, "content_type": 7, "object_id": "2", "object_repr": "New Releases", "action_flag": 1, "change_message": "[{\"added\": {}}]"}}, {"model": "admin.logentry", "pk": 11, "fields": {"action_time": "2021-01-27T11:21:37.097", "user": 2, "content_type": 7, "object_id": "3", "object_repr": "Reality TV", "action_flag": 1, "change_message": "[{\"added\": {}}]"}}, {"model": "admin.logentry", "pk": 12, "fields": {"action_time": "2021-01-27T11:21:47.411", "user": 2, "content_type": 7, "object_id": "2", "object_repr": "New Releases", "action_flag": 3, "change_message": ""}}, {"model": "admin.logentry", "pk": 13, "fields": {"action_time": "2021-01-27T11:22:07.062", "user": 2, "content_type": 7, "object_id": "4", "object_repr": "New Releases", "action_flag": 1, "change_message": "[{\"added\": {}}]"}}, {"model": "admin.logentry", "pk": 14, "fields": {"action_time": "2021-01-27T11:30:02.585", "user": 1, "content_type": 8, "object_id": "9", "object_repr": "No Matter What Episode 77", "action_flag": 1, "change_message": "[{\"added\": {}}]"}}, {"model": "admin.logentry", "pk": 15, "fields": {"action_time": "2021-01-27T11:32:23.520", "user": 1, "content_type": 8, "object_id": "10", "object_repr": "A Man in a Veil Episode 94", "action_flag": 1, "change_message": "[{\"added\": {}}]"}}, {"model": "admin.logentry", "pk": 16, "fields": {"action_time": "2021-01-27T11:32:59.433", "user": 1, "content_type": 8, "object_id": "11", "object_repr": "A Good Supper Episode 12", "action_flag": 1, "change_message": "[{\"added\": {}}]"}}, {"model": "admin.logentry", "pk": 17, "fields": {"action_time": "2021-01-27T11:34:16.242", "user": 1, "content_type": 8, "object_id": "12", "object_repr": "Phoenix 2020 Episode 67", "action_flag": 1, "change_message": "[{\"added\": {}}]"}}, {"model": "admin.logentry", "pk": 18, "fields": {"action_time": "2021-01-27T11:34:51.886", "user": 1, "content_type": 8, "object_id": "13", "object_repr": "No Matter What Episode 76", "action_flag": 1, "change_message": "[{\"added\": {}}]"}}, {"model": "admin.logentry", "pk": 19, "fields": {"action_time": "2021-01-27T11:35:12.794", "user": 1, "content_type": 8, "object_id": "14", "object_repr": "A Man in a Veil Episode 93", "action_flag": 1, "change_message": "[{\"added\": {}}]"}}, {"model": "admin.logentry", "pk": 20, "fields": {"action_time": "2021-01-27T11:35:32.212", "user": 1, "content_type": 8, "object_id": "15", "object_repr": "A Good Supper Episode 11", "action_flag": 1, "change_message": "[{\"added\": {}}]"}}, {"model": "admin.logentry", "pk": 21, "fields": {"action_time": "2021-01-27T11:36:01.327", "user": 1, "content_type": 8, "object_id": "16", "object_repr": "Phoenix 2020 Episode 66", "action_flag": 1, "change_message": "[{\"added\": {}}]"}}, {"model": "admin.logentry", "pk": 22, "fields": {"action_time": "2021-01-27T11:36:30.799", "user": 1, "content_type": 8, "object_id": "1", "object_repr": "Cheat On Me, If You Can", "action_flag": 2, "change_message": "[{\"changed\": {\"fields\": [\"Photo Description\"]}}]"}}, {"model": "admin.logentry", "pk": 23, "fields": {"action_time": "2021-01-27T11:36:56.311", "user": 1, "content_type": 8, "object_id": "2", "object_repr": "Delayed Justice", "action_flag": 2, "change_message": "[{\"changed\": {\"fields\": [\"Photo Description\"]}}]"}}, {"model": "admin.logentry", "pk": 24, "fields": {"action_time": "2021-01-27T11:37:22.033", "user": 1, "content_type": 8, "object_id": "3", "object_repr": "Homemade Love Story", "action_flag": 2, "change_message": "[{\"changed\": {\"fields\": [\"Photo Description\"]}}]"}}, {"model": "admin.logentry", "pk": 25, "fields": {"action_time": "2021-01-27T11:37:53.500", "user": 1, "content_type": 8, "object_id": "4", "object_repr": "Phoenix 2020", "action_flag": 2, "change_message": "[{\"changed\": {\"fields\": [\"Photo Description\"]}}]"}}, {"model": "admin.logentry", "pk": 26, "fields": {"action_time": "2021-01-27T11:38:18.497", "user": 1, "content_type": 8, "object_id": "5", "object_repr": "Please Dont Date Him", "action_flag": 2, "change_message": "[{\"changed\": {\"fields\": [\"Photo Description\"]}}]"}}, {"model": "admin.logentry", "pk": 27, "fields": {"action_time": "2021-01-27T11:38:49.724", "user": 1, "content_type": 8, "object_id": "6", "object_repr": "The Game", "action_flag": 2, "change_message": "[{\"changed\": {\"fields\": [\"Photo Description\"]}}]"}}, {"model": "admin.logentry", "pk": 28, "fields": {"action_time": "2021-01-27T11:39:08.108", "user": 1, "content_type": 8, "object_id": "7", "object_repr": "The Penthouse", "action_flag": 2, "change_message": "[{\"changed\": {\"fields\": [\"Photo Description\"]}}]"}}, {"model": "admin.logentry", "pk": 29, "fields": {"action_time": "2021-01-27T11:39:32.396", "user": 1, "content_type": 8, "object_id": "8", "object_repr": "XX", "action_flag": 2, "change_message": "[{\"changed\": {\"fields\": [\"Photo Description\"]}}]"}}, {"model": "admin.logentry", "pk": 30, "fields": {"action_time": "2021-01-27T11:43:09.726", "user": 1, "content_type": 7, "object_id": "5", "object_repr": "slider", "action_flag": 1, "change_message": "[{\"added\": {}}]"}}, {"model": "admin.logentry", "pk": 31, "fields": {"action_time": "2021-01-27T11:48:41.583", "user": 1, "content_type": 7, "object_id": "3", "object_repr": "Reality TV", "action_flag": 2, "change_message": "[{\"added\": {\"name\": \"photo\", \"object\": \"Witches\"}}, {\"added\": {\"name\": \"photo\", \"object\": \"How do you play\"}}]"}}, {"model": "admin.logentry", "pk": 32, "fields": {"action_time": "2021-01-27T11:51:08.259", "user": 1, "content_type": 7, "object_id": "3", "object_repr": "Reality TV", "action_flag": 2, "change_message": "[{\"added\": {\"name\": \"photo\", \"object\": \"I was a Car\"}}, {\"added\": {\"name\": \"photo\", \"object\": \"Home Alone\"}}]"}}, {"model": "admin.logentry", "pk": 33, "fields": {"action_time": "2021-01-27T11:53:32.759", "user": 1, "content_type": 7, "object_id": "3", "object_repr": "Reality TV", "action_flag": 2, "change_message": "[{\"added\": {\"name\": \"photo\", \"object\": \"Running Man\"}}, {\"added\": {\"name\": \"photo\", \"object\": \"The return of Superman\"}}, {\"added\": {\"name\": \"photo\", \"object\": \"The Dog i encountered\"}}, {\"added\": {\"name\": \"photo\", \"object\": \"YuHuiyeols Sketchbook\"}}]"}}, {"model": "admin.logentry", "pk": 34, "fields": {"action_time": "2021-01-27T11:54:05.121", "user": 1, "content_type": 7, "object_id": "5", "object_repr": "slider", "action_flag": 3, "change_message": ""}}, {"model": "admin.logentry", "pk": 35, "fields": {"action_time": "2021-01-27T11:59:30.815", "user": 1, "content_type": 7, "object_id": "6", "object_repr": "Travel Through Time", "action_flag": 1, "change_message": "[{\"added\": {}}, {\"added\": {\"name\": \"photo\", \"object\": \"365\"}}, {\"added\": {\"name\": \"photo\", \"object\": \"loss time life\"}}, {\"added\": {\"name\": \"photo\", \"object\": \"Dr jin\"}}, {\"added\": {\"name\": \"photo\", \"object\": \"Alice\"}}, {\"added\": {\"name\": \"photo\", \"object\": \"Kairos\"}}, {\"added\": {\"name\": \"photo\", \"object\": \"Splash Splash Love\"}}, {\"added\": {\"name\": \"photo\", \"object\": \"Gods Gift\"}}, {\"added\": {\"name\": \"photo\", \"object\": \"Marry Him If You Dare\"}}]"}}, {"model": "admin.logentry", "pk": 36, "fields": {"action_time": "2021-01-27T12:05:12.013", "user": 1, "content_type": 7, "object_id": "7", "object_repr": "KOCOWA K-Classics", "action_flag": 1, "change_message": "[{\"added\": {}}, {\"added\": {\"name\": \"photo\", \"object\": \"Romance\"}}, {\"added\": {\"name\": \"photo\", \"object\": \"All In\"}}, {\"added\": {\"name\": \"photo\", \"object\": \"SangDu,lets go to school\"}}, {\"added\": {\"name\": \"photo\", \"object\": \"Weekly Bamboo\"}}, {\"added\": {\"name\": \"photo\", \"object\": \"Scene number blue\"}}, {\"added\": {\"name\": \"photo\", \"object\": \"Somthing happend in Bali\"}}, {\"added\": {\"name\": \"photo\", \"object\": \"The Royal Gambler\"}}, {\"added\": {\"name\": \"photo\", \"object\": \"Will It snow for christmas\"}}]"}}, {"model": "admin.logentry", "pk": 37, "fields": {"action_time": "2021-01-27T12:13:48.196", "user": 1, "content_type": 7, "object_id": "8", "object_repr": "Coming Soon", "action_flag": 1, "change_message": "[{\"added\": {}}, {\"added\": {\"name\": \"photo\", \"object\": \"2020 KBS Drama Awards Teaser 1\"}}, {\"added\": {\"name\": \"photo\", \"object\": \"2020 KBS Entertainment Awards\"}}, {\"added\": {\"name\": \"photo\", \"object\": \"2020 MBC Entertainment Awards\"}}, {\"added\": {\"name\": \"photo\", \"object\": \"2020 MBC Entertainment Awards\"}}, {\"added\": {\"name\": \"photo\", \"object\": \"2020 MBC Music Festival Teaser\"}}, {\"added\": {\"name\": \"photo\", \"object\": \"2020 SBS Drama Awards Teaser 1\"}}, {\"added\": {\"name\": \"photo\", \"object\": \"A Good Supper Teaser 1\"}}, {\"added\": {\"name\": \"photo\", \"object\": \"A Good Supper Teaser 2\"}}]"}}, {"model": "admin.logentry", "pk": 38, "fields": {"action_time": "2021-01-27T12:16:26.064", "user": 1, "content_type": 7, "object_id": "9", "object_repr": "Spectacular K-TV Award Shows", "action_flag": 1, "change_message": "[{\"added\": {}}, {\"added\": {\"name\": \"photo\", \"object\": \"30th SBS entertainment awards\"}}, {\"added\": {\"name\": \"photo\", \"object\": \"2020 KBS drama awards\"}}, {\"added\": {\"name\": \"photo\", \"object\": \"2020 KBS Song Festival\"}}, {\"added\": {\"name\": \"photo\", \"object\": \"2020 MBC drama awards\"}}, {\"added\": {\"name\": \"photo\", \"object\": \"2020 MBC Music Festival\"}}, {\"added\": {\"name\": \"photo\", \"object\": \"2020 SBS drama awards\"}}, {\"added\": {\"name\": \"photo\", \"object\": \"2020 SBS Gayo Daejeon in Daegu\"}}, {\"added\": {\"name\": \"photo\", \"object\": \"KBS 2020 entertainment awards\"}}]"}}, {"model": "admin.logentry", "pk": 39, "fields": {"action_time": "2021-01-27T12:19:02.209", "user": 1, "content_type": 7, "object_id": "10", "object_repr": "All K-Pop", "action_flag": 1, "change_message": "[{\"added\": {}}, {\"added\": {\"name\": \"photo\", \"object\": \"2020 Asia Song Festival\"}}, {\"added\": {\"name\": \"photo\", \"object\": \"2020 KBS Song Festival\"}}, {\"added\": {\"name\": \"photo\", \"object\": \"2020 SBS Gayo Daejeon in Daegu\"}}, {\"added\": {\"name\": \"photo\", \"object\": \"The Dog I Encountered\"}}, {\"added\": {\"name\": \"photo\", \"object\": \"THE SHOW Play with BTS\"}}, {\"added\": {\"name\": \"photo\", \"object\": \"THE SHOW Play\"}}, {\"added\": {\"name\": \"photo\", \"object\": \"Witches\"}}, {\"added\": {\"name\": \"photo\", \"object\": \"Yacht Expedition\"}}]"}}, {"model": "admin.logentry", "pk": 40, "fields": {"action_time": "2021-01-27T16:37:59.650", "user": 1, "content_type": 9, "object_id": "1", "object_repr": "Romantic Comedy", "action_flag": 1, "change_message": "[{\"added\": {}}, {\"added\": {\"name\": \"drama\", \"object\": \"Into The Ring\"}}, {\"added\": {\"name\": \"drama\", \"object\": \"To All The Guys Who Loved Me\"}}, {\"added\": {\"name\": \"drama\", \"object\": \"Yeonnamdong Family\"}}, {\"added\": {\"name\": \"drama\", \"object\": \"Youth Syndrome\"}}]"}}, {"model": "admin.logentry", "pk": 41, "fields": {"action_time": "2021-01-27T16:40:09.632", "user": 1, "content_type": 9, "object_id": "2", "object_repr": "Melodrama", "action_flag": 1, "change_message": "[{\"added\": {}}, {\"added\": {\"name\": \"drama\", \"object\": \"Fatal Promise\"}}, {\"added\": {\"name\": \"drama\", \"object\": \"Golden Garden\"}}, {\"added\": {\"name\": \"drama\", \"object\": \"Secret Boutique\"}}, {\"added\": {\"name\": \"drama\", \"object\": \"VIP\"}}]"}}, {"model": "admin.logentry", "pk": 42, "fields": {"action_time": "2021-01-27T16:43:23.218", "user": 1, "content_type": 9, "object_id": "3", "object_repr": "Action And Thriller", "action_flag": 1, "change_message": "[{\"added\": {}}, {\"added\": {\"name\": \"drama\", \"object\": \"Alive\"}}, {\"added\": {\"name\": \"drama\", \"object\": \"Friend, Our Legend\"}}, {\"added\": {\"name\": \"drama\", \"object\": \"Ghost VRos\"}}, {\"added\": {\"name\": \"drama\", \"object\": \"She Knows Everything\"}}]"}}, {"model": "admin.logentry", "pk": 43, "fields": {"action_time": "2021-01-27T16:44:10.396", "user": 1, "content_type": 9, "object_id": "4", "object_repr": "History", "action_flag": 1, "change_message": "[{\"added\": {}}, {\"added\": {\"name\": \"drama\", \"object\": \"Capital Scandal\"}}, {\"added\": {\"name\": \"drama\", \"object\": \"Different Dreams\"}}, {\"added\": {\"name\": \"drama\", \"object\": \"Dr Jin\"}}, {\"added\": {\"name\": \"drama\", \"object\": \"The Tale of Nokdu\"}}]"}}, {"model": "admin.logentry", "pk": 44, "fields": {"action_time": "2021-01-27T16:51:36.122", "user": 1, "content_type": 9, "object_id": "3", "object_repr": "Action And Thriller", "action_flag": 2, "change_message": "[{\"changed\": {\"name\": \"drama\", \"object\": \"Ghost VRos\", \"fields\": [\"Drama Description\"]}}, {\"changed\": {\"name\": \"drama\", \"object\": \"She Knows Everything\", \"fields\": [\"Drama Description\"]}}]"}}, {"model": "admin.logentry", "pk": 45, "fields": {"action_time": "2021-01-27T16:52:39.043", "user": 1, "content_type": 9, "object_id": "4", "object_repr": "History", "action_flag": 2, "change_message": "[{\"changed\": {\"name\": \"drama\", \"object\": \"Capital Scandal\", \"fields\": [\"Drama Description\"]}}, {\"changed\": {\"name\": \"drama\", \"object\": \"Different Dreams\", \"fields\": [\"Drama Description\"]}}, {\"changed\": {\"name\": \"drama\", \"object\": \"Dr Jin\", \"fields\": [\"Drama Description\"]}}, {\"changed\": {\"name\": \"drama\", \"object\": \"The Tale of Nokdu\", \"fields\": [\"Drama Description\"]}}]"}}, {"model": "auth.permission", "pk": 1, "fields": {"name": "Can add log entry", "content_type": 1, "codename": "add_logentry"}}, {"model": "auth.permission", "pk": 2, "fields": {"name": "Can change log entry", "content_type": 1, "codename": "change_logentry"}}, {"model": "auth.permission", "pk": 3, "fields": {"name": "Can delete log entry", "content_type": 1, "codename": "delete_logentry"}}, {"model": "auth.permission", "pk": 4, "fields": {"name": "Can view log entry", "content_type": 1, "codename": "view_logentry"}}, {"model": "auth.permission", "pk": 5, "fields": {"name": "Can add permission", "content_type": 2, "codename": "add_permission"}}, {"model": "auth.permission", "pk": 6, "fields": {"name": "Can change permission", "content_type": 2, "codename": "change_permission"}}, {"model": "auth.permission", "pk": 7, "fields": {"name": "Can delete permission", "content_type": 2, "codename": "delete_permission"}}, {"model": "auth.permission", "pk": 8, "fields": {"name": "Can view permission", "content_type": 2, "codename": "view_permission"}}, {"model": "auth.permission", "pk": 9, "fields": {"name": "Can add group", "content_type": 3, "codename": "add_group"}}, {"model": "auth.permission", "pk": 10, "fields": {"name": "Can change group", "content_type": 3, "codename": "change_group"}}, {"model": "auth.permission", "pk": 11, "fields": {"name": "Can delete group", "content_type": 3, "codename": "delete_group"}}, {"model": "auth.permission", "pk": 12, "fields": {"name": "Can view group", "content_type": 3, "codename": "view_group"}}, {"model": "auth.permission", "pk": 13, "fields": {"name": "Can add user", "content_type": 4, "codename": "add_user"}}, {"model": "auth.permission", "pk": 14, "fields": {"name": "Can change user", "content_type": 4, "codename": "change_user"}}, {"model": "auth.permission", "pk": 15, "fields": {"name": "Can delete user", "content_type": 4, "codename": "delete_user"}}, {"model": "auth.permission", "pk": 16, "fields": {"name": "Can view user", "content_type": 4, "codename": "view_user"}}, {"model": "auth.permission", "pk": 17, "fields": {"name": "Can add content type", "content_type": 5, "codename": "add_contenttype"}}, {"model": "auth.permission", "pk": 18, "fields": {"name": "Can change content type", "content_type": 5, "codename": "change_contenttype"}}, {"model": "auth.permission", "pk": 19, "fields": {"name": "Can delete content type", "content_type": 5, "codename": "delete_contenttype"}}, {"model": "auth.permission", "pk": 20, "fields": {"name": "Can view content type", "content_type": 5, "codename": "view_contenttype"}}, {"model": "auth.permission", "pk": 21, "fields": {"name": "Can add session", "content_type": 6, "codename": "add_session"}}, {"model": "auth.permission", "pk": 22, "fields": {"name": "Can change session", "content_type": 6, "codename": "change_session"}}, {"model": "auth.permission", "pk": 23, "fields": {"name": "Can delete session", "content_type": 6, "codename": "delete_session"}}, {"model": "auth.permission", "pk": 24, "fields": {"name": "Can view session", "content_type": 6, "codename": "view_session"}}, {"model": "auth.permission", "pk": 25, "fields": {"name": "Can add album", "content_type": 7, "codename": "add_album"}}, {"model": "auth.permission", "pk": 26, "fields": {"name": "Can change album", "content_type": 7, "codename": "change_album"}}, {"model": "auth.permission", "pk": 27, "fields": {"name": "Can delete album", "content_type": 7, "codename": "delete_album"}}, {"model": "auth.permission", "pk": 28, "fields": {"name": "Can view album", "content_type": 7, "codename": "view_album"}}, {"model": "auth.permission", "pk": 29, "fields": {"name": "Can add photo", "content_type": 8, "codename": "add_photo"}}, {"model": "auth.permission", "pk": 30, "fields": {"name": "Can change photo", "content_type": 8, "codename": "change_photo"}}, {"model": "auth.permission", "pk": 31, "fields": {"name": "Can delete photo", "content_type": 8, "codename": "delete_photo"}}, {"model": "auth.permission", "pk": 32, "fields": {"name": "Can view photo", "content_type": 8, "codename": "view_photo"}}, {"model": "auth.permission", "pk": 33, "fields": {"name": "Can add genre", "content_type": 9, "codename": "add_genre"}}, {"model": "auth.permission", "pk": 34, "fields": {"name": "Can change genre", "content_type": 9, "codename": "change_genre"}}, {"model": "auth.permission", "pk": 35, "fields": {"name": "Can delete genre", "content_type": 9, "codename": "delete_genre"}}, {"model": "auth.permission", "pk": 36, "fields": {"name": "Can view genre", "content_type": 9, "codename": "view_genre"}}, {"model": "auth.permission", "pk": 37, "fields": {"name": "Can add drama", "content_type": 10, "codename": "add_drama"}}, {"model": "auth.permission", "pk": 38, "fields": {"name": "Can change drama", "content_type": 10, "codename": "change_drama"}}, {"model": "auth.permission", "pk": 39, "fields": {"name": "Can delete drama", "content_type": 10, "codename": "delete_drama"}}, {"model": "auth.permission", "pk": 40, "fields": {"name": "Can view drama", "content_type": 10, "codename": "view_drama"}}, {"model": "auth.user", "pk": 1, "fields": {"password": "pbkdf2_sha256$216000$UV3xkzQCkEK9$Ak/NaKG8Em3zEIu280SomTRdKye5+m2LKTqtFhKCTLk=", "last_login": "2021-02-02T12:34:59.905", "is_superuser": true, "username": "user", "first_name": "", "last_name": "", "email": "user@gmail.com", "is_staff": true, "is_active": true, "date_joined": "2021-01-24T00:05:12.983", "groups": [], "user_permissions": []}}, {"model": "auth.user", "pk": 2, "fields": {"password": "pbkdf2_sha256$216000$gQ88t5rKAQ3L$fIZJ8txQ+P3DsUZ3Elitn4jPgbd7RQUtuhDThAFxnU4=", "last_login": "2021-01-24T23:18:04.740", "is_superuser": true, "username": "doyeon", "first_name": "", "last_name": "", "email": "kdy0902ysh@gmail.com", "is_staff": true, "is_active": true, "date_joined": "2021-01-24T23:13:14.953", "groups": [], "user_permissions": []}}, {"model": "contenttypes.contenttype", "pk": 1, "fields": {"app_label": "admin", "model": "logentry"}}, {"model": "contenttypes.contenttype", "pk": 2, "fields": {"app_label": "auth", "model": "permission"}}, {"model": "contenttypes.contenttype", "pk": 3, "fields": {"app_label": "auth", "model": "group"}}, {"model": "contenttypes.contenttype", "pk": 4, "fields": {"app_label": "auth", "model": "user"}}, {"model": "contenttypes.contenttype", "pk": 5, "fields": {"app_label": "contenttypes", "model": "contenttype"}}, {"model": "contenttypes.contenttype", "pk": 6, "fields": {"app_label": "sessions", "model": "session"}}, {"model": "contenttypes.contenttype", "pk": 7, "fields": {"app_label": "photo", "model": "album"}}, {"model": "contenttypes.contenttype", "pk": 8, "fields": {"app_label": "photo", "model": "photo"}}, {"model": "contenttypes.contenttype", "pk": 9, "fields": {"app_label": "drama", "model": "genre"}}, {"model": "contenttypes.contenttype", "pk": 10, "fields": {"app_label": "drama", "model": "drama"}}, {"model": "sessions.session", "pk": "5q24g70mi5hrqw6ejbgoy8uwel7ykheg", "fields": {"session_data": ".eJxVjMsOwiAURP-FtSE8LgVcuu83kMtLqgaS0q6M_y5NutDVJHPOzJs43Lfi9p5Wt0RyJZxcfjuP4ZnqAeID673R0Oq2Lp4eCj1pp3OL6XU73b-Dgr2MNSoBQYBhUmFOLLMRErXRerJKZ5TgTQDNwA4Ik7Co-Fhk5D6xGJB8vs-MN8Y:1l6PBN:BXyXTng4NEbojLPTwrt8nMbY9AQ8hICWXYG3-vsXlfg", "expire_date": "2021-02-15T11:43:17.580"}}, {"model": "sessions.session", "pk": "r18c955m7yksptytcjld7vtjd1qw8p4y", "fields": {"session_data": ".eJxVjMsOwiAURP-FtSE8LgVcuu83kMtLqgaS0q6M_y5NutDVJHPOzJs43Lfi9p5Wt0RyJZxcfjuP4ZnqAeID673R0Oq2Lp4eCj1pp3OL6XU73b-Dgr2MNSoBQYBhUmFOLLMRErXRerJKZ5TgTQDNwA4Ik7Co-Fhk5D6xGJB8vs-MN8Y:1l6m4p:OJ12P9zHLqfwprUU13Q5W6clN77nN_xtlLbOodlkXHI", "expire_date": "2021-02-16T12:10:03.698"}}, {"model": "sessions.session", "pk": "uutna5l97ag5bxay1qli116fw7eelujb", "fields": {"session_data": ".eJxVjMsOwiAURP-FtSE8LgVcuu83kMtLqgaS0q6M_y5NutDVJHPOzJs43Lfi9p5Wt0RyJZxcfjuP4ZnqAeID673R0Oq2Lp4eCj1pp3OL6XU73b-Dgr2MNSoBQYBhUmFOLLMRErXRerJKZ5TgTQDNwA4Ik7Co-Fhk5D6xGJB8vs-MN8Y:1l6mSx:hoKF96Eg8wbuO0Cz4lHWEGmLQzDru89SpPMeWHO0Eeg", "expire_date": "2021-02-16T12:34:59.923"}}, {"model": "photo.album", "pk": 1, "fields": {"name": "Trending Now", "description": ""}}, {"model": "photo.album", "pk": 3, "fields": {"name": "Reality TV", "description": ""}}, {"model": "photo.album", "pk": 4, "fields": {"name": "New Releases", "description": ""}}, {"model": "photo.album", "pk": 6, "fields": {"name": "Travel Through Time", "description": ""}}, {"model": "photo.album", "pk": 7, "fields": {"name": "KOCOWA K-Classics", "description": ""}}, {"model": "photo.album", "pk": 8, "fields": {"name": "Coming Soon", "description": ""}}, {"model": "photo.album", "pk": 9, "fields": {"name": "Spectacular K-TV Award Shows", "description": ""}}, {"model": "photo.album", "pk": 10, "fields": {"name": "All K-Pop", "description": ""}}, {"model": "photo.photo", "pk": 1, "fields": {"album": 1, "title": "Cheat On Me, If You Can", "description": "For her work, best-selling crime author Yeo Joo researches how to make a murder look like an accidental death. Next to her is her younger husband, Woo Sung, who is a family man and works as a divorce lawyer. Woo Sung still thinks he's a sexy, attractive partner, and lives on with his wonderful marriage life. However, lately, Yeo Joo, who would rather be a widow than a divorcee, starts finding some of his behavior suspicious. Could he be cheating on her? Could Woo Sung possibly be enjoying a thrilling affair behind her back? Yeo Joo tells it straight: If he cheats, he will die.", "image": "photo/2021/01/Cheat_On_Me_If_You_Can_eBJbQH7.png", "upload_dt": "2021-01-26T13:47:23.192", "love": []}}, {"model": "photo.photo", "pk": 2, "fields": {"album": 1, "title": "Delayed Justice", "description": "Tae Yong, a high-school-graduate and now lawyer, only believed in his conception dream of a dragon descending from the sky. Since he can’t find any clients or a law firm who want to work with him, he becomes a public defender for just $300 per case. However, Tae Yong gets rich by defending all kinds of petty criminals. By winning the retrials of various criminal cases, he decides he wants to become the voice of the jurisdiction's victims. After figuring out that he can't change the world all by himself, Tae Yong works with Sam Soo to “stick it to the man.” After miraculously getting accepted into college, Sam Soo used to be a successful journalist with many talents, but now, he’s currently jobless. Tae Yong scouts him, saying they should write the history of jurisdiction together. The passionate challenge of these two less-than-perfect men begins!", "image": "photo/2021/01/Delayed_Justice.png", "upload_dt": "2021-01-26T13:47:49.283", "love": []}}, {"model": "photo.photo", "pk": 3, "fields": {"album": 1, "title": "Homemade Love Story", "description": "Three families live under one roof at a boarding house called Samgwang Villa. Sun Jeong's family lives a pure and simple life and doesn't have a lot of money. Jung Hoo's family is rich but is far from peaceful. Jung Won's family looks perfect from the outside but is actually quite rocky. Others join these families at Samgwang Villa, each with their own stories. What is the meaning of family in this day and age, with so many single-person households and people choosing not to get married? Let's meet the people who open their hearts to one another to live and love as a family in Homemade Love Story.", "image": "photo/2021/01/Homemade_Love_Story.png", "upload_dt": "2021-01-26T14:15:42.435", "love": []}}, {"model": "photo.photo", "pk": 4, "fields": {"album": 1, "title": "Phoenix 2020", "description": "Ji Eun grew up with everything as the daughter of an influential chaebol family in Korea. When she meets Se Hoon, who comes from a poor family, he treats her like no one else, and she falls in love with him. Although Ji Eun's family is against their relationship, they get married. However, due to ongoing conflicts, Ji Eun and Se Hoon are exhausted, and decide to end their marriage. Ten years later, fate ironically reverses their lives.", "image": "photo/2021/01/Phoenix_2020.png", "upload_dt": "2021-01-26T14:17:18.559", "love": []}}, {"model": "photo.photo", "pk": 5, "fields": {"album": 1, "title": "Please Dont Date Him", "description": "Ji Sung is a household appliances developer who dreams to live a life like a well-designed algorithm. While she was working on an AI refrigerator with voice recognition, a super sensor chip which National Intelligence Service lost, accidentally got assembled to Ji Sung's refrigerator and the \"Ancestral Spirit\" program that will tell who the scums are instead of the freshness of vegetables is born. Thanks to the program, Ji Sung finds out that her perfect elite fiance Jung Han was actually not her Prince Charming and despairs. One day, Gook Hee, a firefighter who the program couldn't analyze and knows nothing about social media, shows up. And Ji sung can't stop being skeptical about him. He has zero traces of his past on the internet. Who is he, and will he make Ji Sung despair again?", "image": "photo/2021/01/Please_Dont_Date_Him.png", "upload_dt": "2021-01-26T14:18:16.921", "love": []}}, {"model": "photo.photo", "pk": 6, "fields": {"album": 1, "title": "The Game", "description": "Tae Pyung was born with the ability to see how one will die and what will happen to them right before the death when he looks them in the eye. He sees the vision about his death too. However, the ability of him doesn't work on Joon Young who is a detective at the Violent Crimes Department of Central Police Station. Since her father died when she was little, Joon Young has been keeping a scar on her heart and never relied on anyone. However, as she gets to know about Tae Pyung, she wants to heal Tae Pyung's wounds and at the same time, she wants her scar to be cured. Meanwhile, Tae Pyung finds it strange as he cannot see the vision about Joon Young's death only. He soon gets filled with fear, and finally, he's faced with the truth that he couldn't discover.", "image": "photo/2021/01/The_Game.png", "upload_dt": "2021-01-27T11:05:32.392", "love": []}}, {"model": "photo.photo", "pk": 7, "fields": {"album": 1, "title": "The Penthouse", "description": "The residents of Hera Palace, a luxury penthouse apartment with 100 floors, have many secrets and hidden ambitions. Sim Su Ryeon, who was born into wealth, is the queen of the penthouse apartment. Cheon Seo Jin, the prima donna of the residence, does all she can to give everything to her daughter. Oh Yoon Hee comes from a poor family background, but she strives to enter high society by becoming the queen of the penthouse, the pinnacle of success in her eyes.", "image": "photo/2021/01/The_Penthouse.png", "upload_dt": "2021-01-27T11:05:47.923", "love": []}}, {"model": "photo.photo", "pk": 8, "fields": {"album": 1, "title": "XX", "description": "Na Na is the head bartender of a speakeasy bar, “XX” and she's famous for her chic looks and natural talking manner that never cross lines. She practically owns the bar because she has control of everything, including the interior, menu as well as developing the signature cocktail of bar XX. It was her goal to save up the money and take over XX, but the owner suddenly sells the bar and a new owner appears in front of her. The new owner is Lee Roo Mi who used to be Na Na's best friend and betrayed Na Na. And their ill-fated relationship begins.", "image": "photo/2021/01/XX.png", "upload_dt": "2021-01-27T11:06:00.089", "love": []}}, {"model": "photo.photo", "pk": 9, "fields": {"album": 4, "title": "No Matter What Episode 77", "description": "Hae Shim and Geum Sook argue about where Byeo Ri will live. Meanwhile, Dae Ro falls into a trap by Won Tae. Dae Ro signs the collateral agreement stating he will hand over the Wonky Box Lunch if he doesn’t repay the debt within two days.", "image": "photo/2021/01/No_Matter_What_Episode_77.png", "upload_dt": "2021-01-27T11:30:02.582", "love": []}}, {"model": "photo.photo", "pk": 10, "fields": {"album": 4, "title": "A Man in a Veil Episode 94", "description": "Hwa Yeon is moved to the hospital after getting hit by a van. The doctor diagnoses that she’s paralyzed from the waist down. She looks into Choi Jun Seok’s death in a wheelchair and realizes that Yu Ra killed him. She kicks Yu Ra out of the house and celebrates her victory.", "image": "photo/2021/01/A_Man_in_a_Veil_Episode_94.png", "upload_dt": "2021-01-27T11:32:23.517", "love": []}}, {"model": "photo.photo", "pk": 11, "fields": {"album": 4, "title": "A Good Supper Episode 12", "description": "To everyone’s surprise, Oh Bok returns to town as a young man. On her first day of work at the Royal Palace, Young Shin talks with Mrs. Choi during break time. Young Shin vaguely recalls seeing her as a little girl. Jong Gwon tells Jun Young to quit work if he is unwilling to put his mind to it..", "image": "photo/2021/01/A_Good_Supper_Episode_12.png", "upload_dt": "2021-01-27T11:32:59.429", "love": []}}, {"model": "photo.photo", "pk": 12, "fields": {"album": 4, "title": "Phoenix 2020 Episode 67", "description": "", "image": "photo/2021/01/Phoenix_2020_Episode_67.png", "upload_dt": "2021-01-27T11:34:16.239", "love": []}}, {"model": "photo.photo", "pk": 13, "fields": {"album": 4, "title": "No Matter What Episode 76", "description": "", "image": "photo/2021/01/No_Matter_What_Episode_76.png", "upload_dt": "2021-01-27T11:34:51.883", "love": []}}, {"model": "photo.photo", "pk": 14, "fields": {"album": 4, "title": "A Man in a Veil Episode 93", "description": "", "image": "photo/2021/01/A_Man_in_a_Veil_Episode_93.png", "upload_dt": "2021-01-27T11:35:12.792", "love": []}}, {"model": "photo.photo", "pk": 15, "fields": {"album": 4, "title": "A Good Supper Episode 11", "description": "", "image": "photo/2021/01/A_Good_Supper_Episode_11.png", "upload_dt": "2021-01-27T11:35:32.210", "love": []}}, {"model": "photo.photo", "pk": 16, "fields": {"album": 4, "title": "Phoenix 2020 Episode 66", "description": "", "image": "photo/2021/01/Phoenix_2020_Episode_66.png", "upload_dt": "2021-01-27T11:36:01.324", "love": []}}, {"model": "photo.photo", "pk": 17, "fields": {"album": 3, "title": "Witches", "description": "Yoon Bo Mi of Apink, Comedian Kim Min Kyoung, the former rhythmic gymnast Shin Soo Ji, Cheerleader Park Ki Ryang, Anchorwoman Park Ji Young, and Actress Kang So Yeon are huge fans of baseball. They come together to actually try playing baseball themselves instead of just watching it. Although they all work in different industries, they unite thanks to their mutual love of the sport. Together, they strive to compete against other amateur teams. Will their earnest desire to work together and their ambition to win make all the difference? How will they grow together as a team?", "image": "photo/2021/01/Witches.png", "upload_dt": "2021-01-27T11:48:41.556", "love": []}}, {"model": "photo.photo", "pk": 18, "fields": {"album": 3, "title": "How do you play", "description": "One of the best MCs in the country, Yu Jae Seok, often asks about how others play on their day-offs. It has gotten to the point that he says this out of habit. His saying sparks an idea in Kim Tae Ho's head. He gets the thought of filming celebrities on their day-offs on a relay camera. So Tae Ho hands a small and portable camera to Jae Seok out of the blue. At first, Jae Seok is taken aback but goes along with the idea. Starting with Jae Seok, celebrities get handed a camera to film their everyday lifestyle. Some may work out to get in shape, some may simply rest up from their tiring schedule, and others may meet up with friends they didn't have the time to. From well-known comedians to global superstars, the relay camera captures unexpected and uniques stories. Take a peek at what the celebrities are up to on their day-offs and discover something new about them.", "image": "photo/2021/01/How_do_you_play.png", "upload_dt": "2021-01-27T11:48:41.582", "love": []}}, {"model": "photo.photo", "pk": 19, "fields": {"album": 3, "title": "I was a Car", "description": "Does summer come to your mind when you think of camping? Actually, the true season for camping is winter! The real campers prepared a year to go car camping in winter. From eating a nice meal in front of a warm campfire to the tranquility of the night, they prepared a fantastic course where you can feel the romance and be healed. All camping beginners gather here if you want to enjoy winter car camping properly which will give you a coziness in the harsh cold! You'll be able to get great tips as well as the items you'd need for the winter camping that haven't been introduced in the previous season.", "image": "photo/2021/01/I_was_a_Car.png", "upload_dt": "2021-01-27T11:51:08.219", "love": []}}, {"model": "photo.photo", "pk": 20, "fields": {"album": 3, "title": "Home Alone", "description": "Home Alone is a reality show that portrays everyday lives of your favorite celebrities in the most intimate setting. The show invites the viewers to their homes, enabling them to closely observe their lives. From time to time, the stars of Home Alone have special gatherings as members of “Rainbow Club”, where each member is a friendly neighbor to one another as a fellow single dweller of the house. With Jun Hyun Moo, Park Na Rae, Han Hye Jin, and Lee Si Eon as the hosts, they observe the lives of celebrities with various occupations, including actors and actresses, top models, athletes, comedians, and so on. Although the gender, lifestyle, personality, and many other attributes are all different, they all have this one thing in common. It's that they all live alone.", "image": "photo/2021/01/Home_Alone.png", "upload_dt": "2021-01-27T11:51:08.254", "love": []}}, {"model": "photo.photo", "pk": 21, "fields": {"album": 3, "title": "Running Man", "description": "Running Man is a reality-variety show that stars Yu Jae Seok, Kim Jong Kook, Haha, Jee Seok Jin, Song Ji Hyo, Lee Kwang Soo, Jeon So Min, and Yang Se Chan. In each episode, they must complete missions at various places to win the race. Each mission is action-packed and hilarious as each member tries to beat the others using their wits and skills. Each week, is filled with fun that includes trust and betrayal, knowledge and skills, physical strengths, and outrageous penalties. Sometimes, they work as a team and cooperate for one common goal. Other times, they betray each other throughout the race in order to win all the honor and glory for themselves. You will be brought to tears each week from laughing at their silly antics.", "image": "photo/2021/01/Running_Man.png", "upload_dt": "2021-01-27T11:53:32.579", "love": []}}, {"model": "photo.photo", "pk": 22, "fields": {"album": 3, "title": "The return of Superman", "description": "Celebrity dads take care of their children on their own without any help! While the moms enjoy their freedom away from childrearing, dads who aren't as familiar raising them must spend time with them. How will dads who aren't as skilled and children who like their moms more spend their days? A childrearing reality TV show about celebrity dads and cute children filled with emotional, funny, and surprising moments. Let's take a look at their lives.", "image": "photo/2021/01/The_return_of_Superman.png", "upload_dt": "2021-01-27T11:53:32.691", "love": []}}, {"model": "photo.photo", "pk": 23, "fields": {"album": 3, "title": "The Dog i encountered", "description": "To take care of dogs that are hurt and abandoned by humans, the celebrities who claim to be the dog experts built a temporary shelter. Various things take place as humans who pose themselves as lovely dogs’ butler start living together with those adorable dogs with unfortunate stories. Dogs get rescued at the dangerous and lonely roads and get treated to meet new families. Will they be able to overcome their trauma with humans’ care and meet new families?", "image": "photo/2021/01/The_Dog_i_encountered.png", "upload_dt": "2021-01-27T11:53:32.737", "love": []}}, {"model": "photo.photo", "pk": 24, "fields": {"album": 3, "title": "YuHuiyeols Sketchbook", "description": "Yu Huiyeol’s Sketchbook is a Korean pop music program that is both a talk show and live music show. The host of this program is Yu Hui Yeol, also known as Toy, a one-man project band. Each week, various musicians from different field attend to perform their music and talk with Yu Hui Yeol. Some performances are hard to see anywhere else. Also, each week has a different theme and musicians talk about their life experience accordingly. Yu Hui Yeol prepares questions that viewers are curious about the musicians and asks in regards.", "image": "photo/2021/01/YuHuiyeols_Sketchbook.png", "upload_dt": "2021-01-27T11:53:32.758", "love": []}}, {"model": "photo.photo", "pk": 25, "fields": {"album": 6, "title": "365", "description": "Hyeong Ju is a violent crime detective who lives a content and fulfilling life, but is one day given the mysterious opportunity to go back in time. Ga Hyeon is a popular webcomic author known for her mystery thriller stories. A workaholic and perfectionist, Ga Hyeon unfortunately suffers from a terrible accident, but then receives the very same offer to go back in time. The two of them, in addition to 8 other individuals reset their lives for the better, but quickly begin to uncover a series of mysterious events that threaten their future.", "image": "photo/2021/01/365.png", "upload_dt": "2021-01-27T11:59:30.698", "love": []}}, {"model": "photo.photo", "pk": 26, "fields": {"album": 6, "title": "loss time life", "description": "Yoo Geon is a high school student who is granted the chance to live approximately 30 more hours after he suffers an abrupt death. Through his second chance, he’s able to discover the meaning of life and true love. In an attempt to live life to its fullest, he tries to complete the things he enjoys, as well as, confess his love to his childhood crush before it’s too late.", "image": "photo/2021/01/loss_time_life.png", "upload_dt": "2021-01-27T11:59:30.715", "love": []}}, {"model": "photo.photo", "pk": 27, "fields": {"album": 6, "title": "Dr jin", "description": "A talented doctor travels over 150 years back in time to when the powerful Joseon dynasty ruled over Korea, and uses his skills to save lives in this intriguing fantasy drama. Dr. Jin Hyuk, the 21st century’s best neurosurgeon meets an unidentified patient and passes out while in despair over an accident that his lover Mina has had. As he wakes up, he's suddenly transported to the time of the Joseon Dynasty. When a plague strikes Joseon, Hyuk treats the dying people and makes a new resolution with Yi Ha Eung, who dreams of the reform of Joseon. But Jin Hyuk hesitates to study and practice medicine to out of fear that he might change history forever. Follow the trials and triumphs of this traveling doctor who ends up in the wrong place at the wrong time.", "image": "photo/2021/01/Dr_jin.png", "upload_dt": "2021-01-27T11:59:30.731", "love": []}}, {"model": "photo.photo", "pk": 28, "fields": {"album": 6, "title": "Alice", "description": "It’s the year 2050 and time travel exists thanks to Alice, the mechanism through which the intriguing practice is made possible. But a rumor based on a prophecy beings to spread about time travel coming to an end. When You Min Hyuk and Yoon Tae Yi are sent to the year 1992 to find out about the prophecy, Tae Yi realizes she’s pregnant and decides to stay in the past by herself. She changes her name to Park Sun Young and eventually gives birth to a beautiful son named Park Jin Gyeom, whose mental health suffers due to radiation exposure. Fast forward to the year 2010, and Sun Young is murdered by someone. 10 years after her death, her son Jin Gyeom is on a mission to find who is responsible for his mother’s death. But while searching, he runs into Yoon Tae Yi, a physics professor who looks exactly like this mother. What will become of these individuals caught tragically between time and space?", "image": "photo/2021/01/Alice.png", "upload_dt": "2021-01-27T11:59:30.748", "love": []}}, {"model": "photo.photo", "pk": 29, "fields": {"album": 6, "title": "Kairos", "description": "Living a precarious life as a part-timer at a convenience store, Ae Ri works to support her mother who is on a waiting list for a heart transplant. Unfortunately, her mother’s physical condition worsens, leading her to forgo the long-awaited opportunity for the transplant, yet just like that, her mother disappears. Things were already chaotic enough for Ae Ri, and then she receives a phone call from a strange man claiming he’s 31 days in the future.", "image": "photo/2021/01/Kairos.png", "upload_dt": "2021-01-27T11:59:30.764", "love": []}}, {"model": "photo.photo", "pk": 30, "fields": {"album": 6, "title": "Splash Splash Love", "description": "Danbi, a high-school senior who gave up on math, is transported back to the Joseon dynasty, where she meets a king, in this fantasy romance drama about growth.", "image": "photo/2021/01/Splash_Splash_Love.png", "upload_dt": "2021-01-27T11:59:30.779", "love": []}}, {"model": "photo.photo", "pk": 31, "fields": {"album": 6, "title": "Gods Gift", "description": "God's Gift - 14 Days is a suspense drama about a woman named Soo Hyun whose daughter is kidnapped and murdered. Soo Hyun lost her child from a murder case but one day, she receives a call and hears her dead child's voice. After hearing her dead child's voice, she tries to kill herself by jumping into the river. However, she wakes up at the hospital and soon, she realizes that she traveled back in time. Soo Hyun comes to know that she has 14 days to save her child, and tries her best to save her daughter from death while Dong Chan, a private investigator, helps her out when she goes back in time. However, Soo Hyun and Dong Chan uncover secrets far more treacherous than they could have ever imagined while investigating the crime for 14 days. Will she be able to save her child? Also, will they be able to catch the murderer? Stay tuned to check out the story.", "image": "photo/2021/01/Gods_Gift.png", "upload_dt": "2021-01-27T11:59:30.796", "love": []}}, {"model": "photo.photo", "pk": 32, "fields": {"album": 6, "title": "Marry Him If You Dare", "description": "In order to live a better life, one person time travels and finds the future version of themself, using their advice to change their destiny by making different choices and going down a new path.", "image": "photo/2021/01/Marry_him_If_you_dare.png", "upload_dt": "2021-01-27T11:59:30.814", "love": []}}, {"model": "photo.photo", "pk": 33, "fields": {"album": 7, "title": "Romance", "description": "Chae Won, a teacher, gets in a car accident on a getaway to Jinhae and happens to meet a young man, Kwan Woo, by coincidence. Kwan Woo falls for Chae Won at first sight and hides the fact that he's a high school student. They go on a date in Jinhae and discover a mutual attraction. Later, Chae Won finds out that Kwan Woo's father committed suicide because his mother merged with her husband’s company. She tries to break off their ties. When Chae Won returns to Seoul, she bumps into Kwan Woo at school and quickly realizes he’s actually a high school student. Kwan Woo and Chae Won's relationship becomes known on campus, and Chae Won quits her job. Later, they meet again at HanKang Apparel, Chae Won's mother's company that Kwan Woo's father founded.", "image": "photo/2021/01/Romance.png", "upload_dt": "2021-01-27T12:05:11.863", "love": []}}, {"model": "photo.photo", "pk": 34, "fields": {"album": 7, "title": "All In", "description": "", "image": "photo/2021/01/All_In.png", "upload_dt": "2021-01-27T12:05:11.884", "love": []}}, {"model": "photo.photo", "pk": 35, "fields": {"album": 7, "title": "SangDu,lets go to school", "description": "", "image": "photo/2021/01/SangDulets_go_to_school.png", "upload_dt": "2021-01-27T12:05:11.907", "love": []}}, {"model": "photo.photo", "pk": 36, "fields": {"album": 7, "title": "Weekly Bamboo", "description": "Eun Ah is worried that her boyfriend has too many female friends. Yu Jin is flustered because her boyfriend starts to fall out of love. Joo Hee and Mina have spent a long time together as trainees to debut as an idol group, but there are hidden conflicts between the two. They talk about the reasons the resentment between them started to grow.", "image": "photo/2021/01/Weekly_bamboo.png", "upload_dt": "2021-01-27T12:05:11.930", "love": []}}, {"model": "photo.photo", "pk": 37, "fields": {"album": 7, "title": "Scene number blue", "description": "Yoon Soo, a junior mathematics major, falls in love with Bom, who’s taking the same class as him. One day, he overhears the conversation between Bom and her friends and finds out that Bom is interested in acting. So, he forms a fake film team as a way to get a chance to get closer to her. Yoon Soo bluffs about his club to Bom, which sets him up for disaster. Will he be able to get closer to Bom? What will happen to the film team?", "image": "photo/2021/01/Scene_number_blue.png", "upload_dt": "2021-01-27T12:05:11.954", "love": []}}, {"model": "photo.photo", "pk": 38, "fields": {"album": 7, "title": "Somthing happend in Bali", "description": "", "image": "photo/2021/01/Somthing_happend_in_Bali.png", "upload_dt": "2021-01-27T12:05:11.972", "love": []}}, {"model": "photo.photo", "pk": 39, "fields": {"album": 7, "title": "The Royal Gambler", "description": "Dae Gil, born with the fate of being the son of King Sukjong but forced to live his life as if he’s dead, overcomes a rough start and becomes a card shark shaking up Joseon. King Yeongjo, born the son of a maid, is endlessly kept in check by his half-brother King Gyeongjong and his power. Born to a family of rebels, the cold-blooded genius Lee In Jwa takes King Gyeongjong under his wing and aims to build his own royal court, consisting of the extraordinary genius politician Lee In Jwa, Lady Choi Sukbin, who holds the king's heart in her hands, her son King Yeongjo, and Joseon's best card shark, Dae Gil. At stake are their lives and the sole throne of Joseon. It’s time to wage war like a single, enormous gambling round.", "image": "photo/2021/01/The_Royal_Gambler.png", "upload_dt": "2021-01-27T12:05:11.999", "love": []}}, {"model": "photo.photo", "pk": 40, "fields": {"album": 7, "title": "Will It snow for christmas", "description": "", "image": "photo/2021/01/Will_It_snow_for_christmas.png", "upload_dt": "2021-01-27T12:05:12.012", "love": []}}, {"model": "photo.photo", "pk": 41, "fields": {"album": 8, "title": "2020 KBS Drama Awards Teaser 1", "description": "The heartwarming 2020 KBS Drama Awards will make your 2020 into a happy ending.", "image": "photo/2021/01/2020_KBS_Drama_Awards_Teaser_1.png", "upload_dt": "2021-01-27T12:13:47.716", "love": []}}, {"model": "photo.photo", "pk": 42, "fields": {"album": 8, "title": "2020 KBS Entertainment Awards", "description": "2020 KBS Entertainment Awards is entertaining, touching, and makes you happy. Stay tuned!", "image": "photo/2021/01/2020_KBS_Entertainment_Awards_Teaser_1.png", "upload_dt": "2021-01-27T12:13:47.790", "love": []}}, {"model": "photo.photo", "pk": 43, "fields": {"album": 8, "title": "2020 MBC Entertainment Awards", "description": "We invite you to the Entertainment Awards! Tuesday 8:45 p.m., December 29.", "image": "photo/2021/01/2020_MBC_Entertainment_Awards_Teaser_1.png", "upload_dt": "2021-01-27T12:13:47.857", "love": []}}, {"model": "photo.photo", "pk": 44, "fields": {"album": 8, "title": "2020 MBC Entertainment Awards", "description": "The package is here! The MBC Entertainment Awards is a gift MBC has prepared for one year.", "image": "photo/2021/01/2020_MBC_Entertainment_Awards_Teaser_2.png", "upload_dt": "2021-01-27T12:13:47.901", "love": []}}, {"model": "photo.photo", "pk": 45, "fields": {"album": 8, "title": "2020 MBC Music Festival Teaser", "description": "Kim Seon Ho's date request! See you at 9 p.m. on December 31.", "image": "photo/2021/01/2020_MBC_Music_Festival_Teaser_1.png", "upload_dt": "2021-01-27T12:13:47.980", "love": []}}, {"model": "photo.photo", "pk": 46, "fields": {"album": 8, "title": "2020 SBS Drama Awards Teaser 1", "description": "Park Eun Bin and Jo Byeong Gyu talk about the 2020 SBS Drama Awards.", "image": "photo/2021/01/2020_SBS_Drama_Awards_Teaser_1.png", "upload_dt": "2021-01-27T12:13:48.050", "love": []}}, {"model": "photo.photo", "pk": 47, "fields": {"album": 8, "title": "A Good Supper Teaser 1", "description": "It’s not just the food ingredients that complete the table. Who are your families?", "image": "photo/2021/01/A_Good_Supper_Teaser_1.png", "upload_dt": "2021-01-27T12:13:48.098", "love": []}}, {"model": "photo.photo", "pk": 48, "fields": {"album": 8, "title": "A Good Supper Teaser 2", "description": "A peaceful restaurant in the countryside is run by people who are more like a sibling. And the meal only costs 4 dollars!", "image": "photo/2021/01/A_Good_Supper_Teaser_2.png", "upload_dt": "2021-01-27T12:13:48.194", "love": []}}, {"model": "photo.photo", "pk": 49, "fields": {"album": 9, "title": "30th SBS entertainment awards", "description": "", "image": "photo/2021/01/30th_SBS_entertainment_awards.png", "upload_dt": "2021-01-27T12:16:25.893", "love": []}}, {"model": "photo.photo", "pk": 50, "fields": {"album": 9, "title": "2020 KBS drama awards", "description": "", "image": "photo/2021/01/2020_KBS_drama_awards.png", "upload_dt": "2021-01-27T12:16:25.916", "love": []}}, {"model": "photo.photo", "pk": 51, "fields": {"album": 9, "title": "2020 KBS Song Festival", "description": "", "image": "photo/2021/01/2020_KBS_Song_Festival.png", "upload_dt": "2021-01-27T12:16:25.936", "love": []}}, {"model": "photo.photo", "pk": 52, "fields": {"album": 9, "title": "2020 MBC drama awards", "description": "", "image": "photo/2021/01/2020_MBC_drama_awards.png", "upload_dt": "2021-01-27T12:16:25.962", "love": []}}, {"model": "photo.photo", "pk": 53, "fields": {"album": 9, "title": "2020 MBC Music Festival", "description": "", "image": "photo/2021/01/2020_MBC_Music_Festival.png", "upload_dt": "2021-01-27T12:16:25.986", "love": []}}, {"model": "photo.photo", "pk": 54, "fields": {"album": 9, "title": "2020 SBS drama awards", "description": "", "image": "photo/2021/01/2020_SBS_drama_awards.png", "upload_dt": "2021-01-27T12:16:26.018", "love": []}}, {"model": "photo.photo", "pk": 55, "fields": {"album": 9, "title": "2020 SBS Gayo Daejeon in Daegu", "description": "", "image": "photo/2021/01/2020_SBS_Gayo_Daejeon_in_Daegu.png", "upload_dt": "2021-01-27T12:16:26.042", "love": []}}, {"model": "photo.photo", "pk": 56, "fields": {"album": 9, "title": "KBS 2020 entertainment awards", "description": "", "image": "photo/2021/01/KBS_2020_entertainment_awards.png", "upload_dt": "2021-01-27T12:16:26.063", "love": []}}, {"model": "photo.photo", "pk": 57, "fields": {"album": 10, "title": "2020 Asia Song Festival", "description": "", "image": "photo/2021/01/2020_Asia_Song_Festival.png", "upload_dt": "2021-01-27T12:19:01.278", "love": []}}, {"model": "photo.photo", "pk": 58, "fields": {"album": 10, "title": "2020 KBS Song Festival", "description": "", "image": "photo/2021/01/2020_KBS_Song_Festival_WKlWWDP.png", "upload_dt": "2021-01-27T12:19:01.334", "love": []}}, {"model": "photo.photo", "pk": 59, "fields": {"album": 10, "title": "2020 SBS Gayo Daejeon in Daegu", "description": "", "image": "photo/2021/01/2020_SBS_Gayo_Daejeon_in_Daegu_AhZ7RZD.png", "upload_dt": "2021-01-27T12:19:01.572", "love": [1]}}, {"model": "photo.photo", "pk": 60, "fields": {"album": 10, "title": "The Dog I Encountered", "description": "", "image": "photo/2021/01/The_Dog_I_Encountered_8S674lt.png", "upload_dt": "2021-01-27T12:19:01.753", "love": []}}, {"model": "photo.photo", "pk": 61, "fields": {"album": 10, "title": "THE SHOW Play with BTS", "description": "", "image": "photo/2021/01/THE_SHOW_Play_with_BTS.png", "upload_dt": "2021-01-27T12:19:01.883", "love": []}}, {"model": "photo.photo", "pk": 62, "fields": {"album": 10, "title": "THE SHOW Play", "description": "", "image": "photo/2021/01/THE_SHOW_Play.png", "upload_dt": "2021-01-27T12:19:01.970", "love": []}}, {"model": "photo.photo", "pk": 63, "fields": {"album": 10, "title": "Witches", "description": "", "image": "photo/2021/01/Witches_3Lkl7wX.png", "upload_dt": "2021-01-27T12:19:02.117", "love": []}}, {"model": "photo.photo", "pk": 64, "fields": {"album": 10, "title": "Yacht Expedition", "description": "", "image": "photo/2021/01/Yacht_Expedition.png", "upload_dt": "2021-01-27T12:19:02.208", "love": []}}, {"model": "drama.genre", "pk": 1, "fields": {"name": "Romantic Comedy", "description": ""}}, {"model": "drama.genre", "pk": 2, "fields": {"name": "Melodrama", "description": ""}}, {"model": "drama.genre", "pk": 3, "fields": {"name": "Action And Thriller", "description": ""}}, {"model": "drama.genre", "pk": 4, "fields": {"name": "History", "description": ""}}, {"model": "drama.drama", "pk": 1, "fields": {"genre": 1, "title": "Into The Ring", "description": "Having received education in the same neighborhood throughout her entire school years, Goo Se Ra, who has lived all 29 years of her life in Mawon-gu, is nothing but an underqualified struggler with a poor financial background. On one hand, this over-passionate, self-proclaimed Tax Guardian never lets a single wrongdoing slip through her until it is filed and settled as a civil complaint. However, because of her nosy nature and her tendency to lose temper over unrighteousness, she gets fired from an internship, from a contract position, and even from an outsourced job, to name a few from the list of her former employers. Although not intended, she finds herself gradually turning into a professional resignee and decides that it’s time for a change. This time, her passion steers toward the District Assembly, so called the employees’ utopia. In fact, now that she has entered the ring, her only option is to run for the office, to get elected, and to stay elected.", "image": "photo/2021/01/Into_The_Ring.png", "upload_dt": "2021-01-27T16:37:59.548", "like": []}}, {"model": "drama.drama", "pk": 2, "fields": {"genre": 1, "title": "To All The Guys Who Loved Me", "description": "Seo Hyeon Ju is a hardworking producer with a great job, but she hasn’t been as successful in the love department as she has been in her career. After a series of devastating breakups, she swears off men and gives up on marriage, finding solace in the single life. But just when she’s done looking for the right guy, she finds herself in the middle of a tricky love triangle with Hwang Ji Woo, the CEO of a pharmaceutical company and her lifelong friend Park Do Gyum. Who will manage to win Hyeon Ju’s heart in this irresistible romantic comedy?", "image": "photo/2021/01/To_All_The_Guys_Who_Loved_Me.png", "upload_dt": "2021-01-27T16:37:59.579", "like": []}}, {"model": "drama.drama", "pk": 3, "fields": {"genre": 1, "title": "Yeonnamdong Family", "description": "The father of Joo Dong, Joo Nam, and Joo Yeon plans to give all his accumulated fortune back to society, except for the three story house, whose price has skyrocketed. He promises to leave the house to the one who gets married first in 6 months among the siblings. But when their father, Mr. Jung, makes this unexpected announcement, Joo Dong, Joo Nam, and Joo Yeon who are beyond their best age to get married, start their search for a partner. Joo Yeon, 29, who has chosen to stay single, starts to also actively look for a partner to inherit the house. She gets a chance to think about marriage and reflect on her past relationships in this delightful romantic drama.", "image": "photo/2021/01/Yeonnamdong_Family.png", "upload_dt": "2021-01-27T16:37:59.621", "like": []}}, {"model": "drama.drama", "pk": 4, "fields": {"genre": 1, "title": "Youth Syndrome", "description": "After his discharge from the military, Hee Chul, the wanderer, is excited to travel around the country. But he decides to go back to school when he runs out of money. Hee Chul finds school really dull and wonders how to make the experience more enjoyable.He starts a strange club called “THE AXIA” under the pretext of a “Youth Club” and recruits members. Five people who each feel their own sense of inferiority drift into the strange club and join it and begin the search to get back their lost youth from dwelling on the past, the stress of reality, and uneasiness about the future.", "image": "photo/2021/01/Youth_Syndrome.png", "upload_dt": "2021-01-27T16:37:59.649", "like": []}}, {"model": "drama.drama", "pk": 5, "fields": {"genre": 2, "title": "Fatal Promise", "description": "Cha Eun Dong has always been an upright citizen who has stood up against injustices. Coming from humble beginnings, she has also practiced patience. Unfortunately one day her family is cast into turbulence after she is betrayed by the one person she confides in. After being brutally deceived, Eun Dong is reborn by the burning fire of vengeance as she swears retribution. In contrast, Kang Tae In has always been a rational man of morals who has always kept his word. Starting as a lowly employee to now the chairman of F Sports Group, he has only depended on himself for a better life. The one promise he has broken was the one he made to Eun Dong, after having to choose between her and his chance for greatness.", "image": "photo/2021/01/Fatal_Promise.png", "upload_dt": "2021-01-27T16:40:09.552", "like": []}}, {"model": "drama.drama", "pk": 6, "fields": {"genre": 2, "title": "Golden Garden", "description": "Four people from very different backgrounds with very different personalities and professions portray the mysterious and secret lives of woman and men in their thirties. One of them is Eun Dong Joo. An optimistic woman who has endured more than enough the bitterness in life. Innocent and bubbly like a can of soda, her life and existence get taken from her. Sabina, the second woman of the four, steals Dong Joo's life. She has an unquenchable thirst for success. And with her deadly beauty, she intends on taking the world. Cha Pil Seung, a man out of the four, is a detective who is cold-hearted when it comes to love. And the last out of the four is Choi Joon Ki, a man who has everything but love. He dedicates everything to Sabina. Although he manages to triumph his dangerous endeavor, at the end of Dong Joo and Pil Seung's tenacious chase, everything crumbles before him like a mirage. With one miraculous event, the lives of these four people, Eun Dong Joo, Cha Pil Seung, Sabina, and Choi Joon Ki, become entangled in which it becomes a turning point in each of their lives. A traumatic dream shared by Dong Joo and Pil Seung soon reveal a horrific secret in their memories of 28 years ago. In that deep secret, Sabina and Choi Joon Ki exist. The dangerous game between the ones who hide and the ones who chase begins now.", "image": "photo/2021/01/Golden_Garden.png", "upload_dt": "2021-01-27T16:40:09.576", "like": []}}, {"model": "drama.drama", "pk": 7, "fields": {"genre": 2, "title": "Secret Boutique", "description": "Do Young lived and worked in a public bathhouse after leaving the orphanage. Yeo Ok, the head of Deo Group, finds favor in her eyes of Do Young, and with Yeo Ok's support, Do Young changes her name to Jenny Jang and gets to run a high-end fashion boutique. Also, she becomes a central and powerful figure in the political and business circles as she secretly solves problems for the upper classes. Jenny's ultimate goal is to become the queen of the Deo family using the international city development project. On the other hand, Yeo Ok plans to take advantage of Jenny and abandon her as soon as she succeeds in making Deo Group one of the top 10 corporates in Korea through the international city development project. To do so, Yeo Ok shouldn't make Jenny notice her scheme.", "image": "photo/2021/01/Secret_Boutique.png", "upload_dt": "2021-01-27T16:40:09.601", "like": []}}, {"model": "drama.drama", "pk": 8, "fields": {"genre": 2, "title": "VIP", "description": "Jung Sun is the deputy head of the VIP team in Seongwun Department Store. She seems to be having a happy life as she’s recognized for her competency at work and is always in good terms with her husband Sung Jun, the head of the VIP team. But on the other hand, no one knows how hard she struggles to be loved by others due to the trauma she got from having been abandoned by both her birthmother and her stepmother. She firmly believes that Sung Jun would never let her down at least. One day, she gets an anonymous message. “Your husband is having an affair with someone in your team.” After receiving this message, she gets to know the secrets of Sung Jun and the women.", "image": "photo/2021/01/VIP.png", "upload_dt": "2021-01-27T16:40:09.631", "like": []}}, {"model": "drama.drama", "pk": 9, "fields": {"genre": 3, "title": "Alive", "description": "After a competitive job interview amongst candidates with amazing resumes, Do Yun lands a job at GP Group. He begins to work at the infamous inbound call center. Rude clients verbally abuse him, and his colleagues are unwelcoming and mean to the newcomer. What is the secret behind the call center where strange things continue to happen? Find out in this workplace horror-romance drama. It will feel too realistic at times!", "image": "photo/2021/01/Alive.png", "upload_dt": "2021-01-27T16:43:23.136", "like": []}}, {"model": "drama.drama", "pk": 10, "fields": {"genre": 3, "title": "Friend, Our Legend", "description": "Dong Su, Jun Seok, Jung Ho and Sang Taek depended on one another as they grew up together in Busan. Rather than a hopeful future, the four friends face dismal prospects when reality hits. Dong Su was a quiet and good kid who dreamed of being an artist, but due to a difficult family situation, he gets involved in the neighborhood gang. Jun Seok had a father who was a gang leader, and through his influence, he becomes a heavyweight in a faction that controls Busan. As the best of friends, Dong Su and Jun Seok both have feelings for Jin Suk, the vocalist of the female band 'Rainbow,' and soon their friendship starts to fall apart. After joining a gang, they get involved in a variety of illegal activities and end up in prison. The fate of these four friends transforms as they become young adults and get mixed up in the wrong crowd.", "image": "photo/2021/01/Friend_Our_Legend.png", "upload_dt": "2021-01-27T16:43:23.160", "like": [1]}}, {"model": "drama.drama", "pk": 11, "fields": {"genre": 3, "title": "Ghost VRos", "description": "Hyeon Do and Seong Jae set up a start-up named GhostVRos which helps the ghosts move onto the afterlife using VR technology. Hyeon Do who suffered a lot because of his ability to see ghosts meets Seong Jae and becomes an exorcist that uses VR devices. As the ghosts are getting more stubborn, they decide to take bigger risks. A thriller about the encounters of these two cute guys with ghosts.", "image": "photo/2021/01/Ghost_VRos.png", "upload_dt": "2021-01-27T16:43:23.183", "like": []}}, {"model": "drama.drama", "pk": 12, "fields": {"genre": 3, "title": "She Knows Everything", "description": "After working as Miss Lee at Goong Real Estates 17 years ago, Lee Goong Bok is now a real estate expert with an apartment in Seoul and owns a shopping district. However, she is having a difficult time due to the aftermath of Goong Real Estates president's son Seo Tae Hwa's incident. Tae Hwa grew up with Yang Su Jin, a girl of a mysterious death, during his childhood years in Goong Apartments. Su Jin was found dead a day after Tae Hwa confessed his feelings for her and got rejected. Miss Lee tries to cover up her death, regardless of whether it was murder or suicide, to get Goong Apartments redevelopment approved. Miss Lee and veteran detective In Ho Chul dig to uncover the truth behind Yang Su Jin's death while chasing after suspects and confronting everything in their way.", "image": "photo/2021/01/She_Knows_Everything.png", "upload_dt": "2021-01-27T16:43:23.216", "like": []}}, {"model": "drama.drama", "pk": 13, "fields": {"genre": 4, "title": "Capital Scandal", "description": "The 1930s were times of independence movement, pro-Japanese, and pre-modern ethics in Korea. The nation’s capital became just like a battleground for the country’s youth. In Gyeongseong, Sunwoo Wan, the playboy of the century, swears that he can get any woman to fall for his charms in just ten minutes. He crosses paths with an independence activist, Yeo Kyung. With her pre-modern ethics, she’s the complete opposite of him. Still, he decides to make a bet that she will fall in love with him, and soon their life-changing fake relationship begins. Wan learns that love means taking action to protect the people he cares about. His love for Yeo Kyung transforms into love for his country, while his wrath points toward Japan.", "image": "photo/2021/01/Capital_Scandal.png", "upload_dt": "2021-01-27T16:44:10.321", "like": []}}, {"model": "drama.drama", "pk": 14, "fields": {"genre": 4, "title": "Different Dreams", "description": "A turning point in Korean history, one never to be forgotten is presented in this engaging historical drama, celebrating its 100th anniversary. In 1919, during the Japanese colonial period, two events paved the way for the independence of Korea, the March 1st Movement and the establishment of the Provisional Government of the Republic of Korea. And with it, a covert armament for freedom was born, the Heroic Corps. Historically and in the drama, the man leading the corps goes by the name of Kim Won Bong, his real name only a few people know. He rarely stays in one area for more than two hours and sleeps for only short periods at a time. With fiery passion in his heart, he moves about swiftly and dreams for his country's independence. Lee Young Jin a Korean woman raised by a Japanese military doctor follows in her surrogate father's footsteps, and through a series of events, attends a prestigious medical university in Shanghai. She returns to Joseon and becomes the first female surgeon. The two them cross paths, and although they follow different ideologies, Won Bong soon realizes his need for her and begins to regret sending her deep into enemy territory. These two characters will walk together, sometimes run, sometimes fall, only to get back up again to chase their dreams. Bearing with them the pain and suffering of the historical events that shaped Korea's independence, they hope to instill the past so that it will never be forgotten.", "image": "photo/2021/01/Different_Dreams.png", "upload_dt": "2021-01-27T16:44:10.347", "like": []}}, {"model": "drama.drama", "pk": 15, "fields": {"genre": 4, "title": "Dr Jin", "description": "A talented doctor travels over 150 years back in time to when the powerful Joseon dynasty ruled over Korea, and uses his skills to save lives in this intriguing fantasy drama. Dr. Jin Hyuk, the 21st century’s best neurosurgeon meets an unidentified patient and passes out while in despair over an accident that his lover Mina has had. As he wakes up, he's suddenly transported to the time of the Joseon Dynasty. When a plague strikes Joseon, Hyuk treats the dying people and makes a new resolution with Yi Ha Eung, who dreams of the reform of Joseon. But Jin Hyuk hesitates to study and practice medicine to out of fear that he might change history forever. Follow the trials and triumphs of this traveling doctor who ends up in the wrong place at the wrong time.", "image": "photo/2021/01/Dr_Jin_9Rkcuq0.png", "upload_dt": "2021-01-27T16:44:10.367", "like": [1]}}, {"model": "drama.drama", "pk": 16, "fields": {"genre": 4, "title": "The Tale of Nokdu", "description": "Jeon Nok Du is a man of ambition, who desires to have a successful career. Nok Du is the whole package. He is very strong, good-looking, and clever. One day, he happens to sneak into a mysterious village for widows. Dong Dong Joo is being trained to be a gisaeng in the village for widows. Although she is tone-deaf, bad at dancing, and has no sense of rhythm, she is still very dexterous and speaks against anything unjust. After Nok Du crosses paths with Dong Joo who has been living with a deep secret, they go through tumulous happenings.", "image": "photo/2021/01/The_Tale_of_Nokdu.png", "upload_dt": "2021-01-27T16:44:10.395", "like": []}}]